State,Population numbers by state,Total Area (km2)
Selangor,6555400,7951
Sabah,3833000,73261
Johor,3794000,19166
Sarawak,2822200,124450
Perak,2508900,21146
Kedah,2194100,9492
Kelantan,1928800,15040
Penang,1774400,1049
Kuala Lumpur,1746600,243
Pahang,1684600,35965
Terengganu,1275100,12958
Negeri Sembilan,1129100,6658
Melaka,937500,1712
Perlis,255400,819
Putrajaya,116100,49
Labuan,100100,92
